timestamp,username,followers,likes,video_count
2026-05-16 21:02:33,heartopia_en,636808,7213126,1054
2026-05-16 21:02:33,heartopia_th,197154,1592900,807
2026-05-16 21:02:33,heartopia_jp,61667,770229,1030
2026-05-16 21:02:33,heartopia_tw,29349,206224,947
2026-05-16 21:05:33,heartopia_en,636808,7213137,1054
2026-05-16 21:05:33,heartopia_th,197154,1592902,807
2026-05-16 21:05:33,heartopia_jp,61667,770230,1030
2026-05-16 21:05:33,heartopia_tw,29349,206224,947
2026-05-16 21:19:29,heartopia_en,636808,7213194,1054
2026-05-16 21:19:29,heartopia_th,197153,1592930,807
2026-05-16 21:19:29,heartopia_jp,61664,770234,1030
2026-05-16 21:19:29,heartopia_tw,29348,206231,947
2026-05-16 22:19:20,heartopia_en,636813,7213396,1054
2026-05-16 22:19:20,heartopia_th,197161,1593005,807
2026-05-16 22:19:20,heartopia_jp,61657,770259,1030
2026-05-16 22:19:20,heartopia_tw,29349,206240,947
2026-05-17 22:07:44,heartopia_en,636620,7218874,1054
2026-05-17 22:07:44,heartopia_th,197173,1594582,808
2026-05-17 22:07:44,heartopia_jp,61618,770782,1030
2026-05-17 22:07:44,heartopia_tw,29358,206449,947
2026-05-18 22:26:19,heartopia_en,636394,7223310,1054
2026-05-18 22:26:19,heartopia_th,197141,1595797,808
2026-05-18 22:26:19,heartopia_jp,61554,771200,1030
2026-05-18 22:26:19,heartopia_tw,29368,206628,947
2026-05-18 22:30:01,heartopia_en,636396,7223324,1054
2026-05-18 22:30:01,heartopia_th,197141,1595798,808
2026-05-18 22:30:01,heartopia_jp,61554,771200,1030
2026-05-18 22:30:01,heartopia_tw,29367,206628,947
2026-05-18 22:31:20,heartopia_en,636396,7223328,1054
2026-05-18 22:31:20,heartopia_th,197141,1595798,808
2026-05-18 22:31:20,heartopia_jp,61554,771200,1030
2026-05-18 22:31:20,heartopia_tw,29367,206628,947
2026-05-18 22:34:15,heartopia_en,636397,7223337,1054
2026-05-18 22:34:15,heartopia_th,197141,1595800,808
2026-05-18 22:34:15,heartopia_jp,61554,771203,1030
2026-05-18 22:34:15,heartopia_tw,29367,206628,947
2026-05-18 22:36:11,heartopia_en,636395,7223346,1054
2026-05-18 22:36:11,heartopia_th,197140,1595800,808
2026-05-18 22:36:11,heartopia_jp,61553,771203,1030
2026-05-18 22:36:11,heartopia_tw,29368,206629,947
2026-05-18 22:40:47,heartopia_en,636399,7223358,1054
2026-05-18 22:40:47,heartopia_th,197141,1595800,808
2026-05-18 22:40:47,heartopia_jp,61552,771205,1030
2026-05-18 22:40:47,heartopia_tw,29368,206629,947
2026-05-19 07:13:01,heartopia_en,636339,7224695,1054
2026-05-19 07:13:01,heartopia_th,197135,1595969,808
2026-05-19 07:13:01,heartopia_jp,61544,771254,1030
2026-05-19 07:13:01,heartopia_tw,29367,206652,947
2026-05-20 07:13:02,heartopia_en,636130,7228644,1054
2026-05-20 07:13:02,heartopia_th,197110,1596823,808
2026-05-20 07:13:02,heartopia_jp,61514,771703,1030
2026-05-20 07:13:02,heartopia_tw,29358,206850,947
2026-05-21 07:13:01,heartopia_en,636062,7244483,1054
2026-05-21 07:13:01,heartopia_th,197087,1598142,808
2026-05-21 07:13:01,heartopia_jp,61489,772569,1030
2026-05-21 07:13:01,heartopia_tw,29369,207577,955
2026-05-21 22:32:37,heartopia_en,636098,7252621,1054
2026-05-21 22:32:37,heartopia_th,197136,1599907,812
2026-05-21 22:32:37,heartopia_jp,61478,773142,1030
2026-05-21 22:32:37,heartopia_tw,29385,208175,968
2026-05-21 22:34:20,heartopia_en,636100,7252630,1054
2026-05-21 22:34:20,heartopia_th,197137,1599908,812
2026-05-21 22:34:20,heartopia_jp,61478,773142,1030
2026-05-21 22:34:20,heartopia_tw,29385,208178,968
2026-05-21 23:14:21,heartopia_en,636087,7252962,1054
2026-05-21 23:14:21,heartopia_th,197142,1599956,812
2026-05-21 23:14:21,heartopia_jp,61477,773172,1030
2026-05-21 23:14:21,heartopia_tw,29384,208199,968
2026-05-21 23:16:17,heartopia_en,636080,7253019,1054
2026-05-21 23:16:17,heartopia_th,197143,1599970,812
2026-05-21 23:16:17,heartopia_jp,61476,773176,1030
2026-05-21 23:16:17,heartopia_tw,29385,208201,968
2026-05-22 07:13:02,heartopia_en,636060,7256468,1054
2026-05-22 07:13:02,heartopia_th,197147,1600245,812
2026-05-22 07:13:02,heartopia_jp,61479,773307,1030
2026-05-22 07:13:02,heartopia_tw,29385,208263,968
2026-05-22 09:43:20,heartopia_en,636065,7257796,1054
2026-05-22 09:43:20,heartopia_th,197163,1600405,812
2026-05-22 09:43:20,heartopia_jp,61478,773362,1030
2026-05-22 09:43:20,heartopia_tw,29386,208344,968
2026-05-22 10:06:32,heartopia_en,636063,7258017,1054
2026-05-22 10:06:32,heartopia_th,197163,1600422,812
2026-05-22 10:06:32,heartopia_jp,61478,773370,1030
2026-05-22 10:06:32,heartopia_tw,29386,208351,968
2026-05-22 10:54:27,heartopia_en,636068,7258399,1054
2026-05-22 10:54:27,heartopia_th,197162,1600454,812
2026-05-22 10:54:27,heartopia_jp,61481,773384,1030
2026-05-22 10:54:27,heartopia_tw,29387,208366,968
2026-05-22 11:02:09,heartopia_en,636064,7258468,1054
2026-05-22 11:02:09,heartopia_th,197162,1600457,812
2026-05-22 11:02:09,heartopia_jp,61481,773385,1030
2026-05-22 11:02:09,heartopia_tw,29388,208369,968
2026-05-23 07:13:02,heartopia_en,636172,7279139,1055
2026-05-23 07:13:02,heartopia_th,197162,1602097,815
2026-05-23 07:13:02,heartopia_jp,61524,774901,1030
2026-05-23 07:13:02,heartopia_tw,29435,209257,969
2026-05-24 07:13:01,heartopia_en,636294,7291084,1055
2026-05-24 07:13:01,heartopia_th,197184,1603229,815
2026-05-24 07:13:01,heartopia_jp,61544,776123,1030
2026-05-24 07:13:01,heartopia_tw,29521,210278,969
2026-05-25 07:13:01,heartopia_jp,61560,777026,1030
2026-05-25 07:13:01,heartopia_tw,29587,211503,969
2026-05-26 07:13:01,heartopia_en,636239,7308414,1055
2026-05-26 07:13:01,heartopia_th,197273,1605919,815
2026-05-26 07:13:01,heartopia_jp,61532,777578,1030
2026-05-26 07:13:01,heartopia_tw,29607,211787,969
2026-05-27 07:13:01,heartopia_en,636194,7317287,1055
2026-05-27 07:13:01,heartopia_th,197295,1607544,815
2026-05-27 07:13:01,heartopia_jp,61501,778411,1030
2026-05-27 07:13:01,heartopia_tw,29626,212099,969
2026-05-28 07:13:01,heartopia_en,636215,7332094,1055
2026-05-28 07:13:01,heartopia_th,197292,1609864,817
2026-05-28 07:13:01,heartopia_jp,61501,779664,1030
2026-05-28 07:13:01,heartopia_tw,29645,212536,974
2026-05-29 07:13:02,heartopia_en,638789,7344140,1055
2026-05-29 07:13:02,heartopia_th,198380,1612647,817
2026-05-29 07:13:02,heartopia_jp,61673,780945,1030
2026-05-29 07:13:02,heartopia_tw,29823,213187,974
2026-05-30 07:13:01,heartopia_en,639176,7351917,1055
2026-05-30 07:13:01,heartopia_th,198575,1614797,866
2026-05-30 07:13:01,heartopia_jp,61696,782024,1030
2026-05-30 07:13:01,heartopia_tw,29879,213724,976
2026-05-31 07:13:01,heartopia_en,639376,7361715,1055
2026-05-31 07:13:01,heartopia_th,198772,1618052,866
2026-05-31 07:13:01,heartopia_jp,61734,783249,1030
2026-05-31 07:13:01,heartopia_tw,29971,214288,977
2026-06-01 07:13:01,heartopia_en,639518,7368932,1055
2026-06-01 07:13:01,heartopia_th,198921,1620318,866
2026-06-01 07:13:01,heartopia_jp,61728,784251,1030
2026-06-01 07:13:01,heartopia_tw,29999,214576,977
2026-06-02 07:13:02,heartopia_en,639606,7375716,1055
2026-06-02 07:13:02,heartopia_th,199065,1624677,867
2026-06-02 07:13:02,heartopia_jp,61719,784892,1030
2026-06-02 07:13:02,heartopia_tw,30013,214763,977
2026-06-03 07:13:01,heartopia_en,639622,7381435,1055
2026-06-03 07:13:01,heartopia_th,199297,1632340,881
2026-06-03 07:13:01,heartopia_jp,61690,785640,1030
2026-06-03 07:13:01,heartopia_tw,30035,215374,977
2026-06-05 07:13:01,heartopia_en,639265,7391000,1055
2026-06-05 07:13:01,heartopia_th,199591,1649430,908
2026-06-05 07:13:01,heartopia_jp,61617,787151,1030
2026-06-05 07:13:01,heartopia_tw,30067,216403,977
2026-06-06 07:13:01,heartopia_en,639183,7396392,1055
2026-06-06 07:13:01,heartopia_th,199695,1656031,913
2026-06-06 07:13:01,heartopia_jp,61621,788009,1030
2026-06-06 07:13:01,heartopia_tw,30078,216896,1002
2026-06-07 07:13:01,heartopia_en,639142,7400741,1055
2026-06-07 07:13:01,heartopia_th,199875,1661881,914
2026-06-07 07:13:01,heartopia_jp,61620,789418,1030
2026-06-07 07:13:01,heartopia_tw,30105,217127,1002
2026-06-08 07:13:02,heartopia_en,639021,7404830,1055
2026-06-08 07:13:02,heartopia_th,200107,1668669,916
2026-06-08 07:13:02,heartopia_jp,61593,790863,1030
2026-06-08 07:13:02,heartopia_tw,30128,217452,1002
2026-06-09 07:13:01,heartopia_en,638886,7407975,1055
2026-06-09 07:13:01,heartopia_th,200176,1671952,928
2026-06-09 07:13:01,heartopia_jp,61566,792146,1030
2026-06-09 07:13:01,heartopia_tw,30137,217628,1002
2026-06-10 07:13:01,heartopia_en,638671,7411926,1055
2026-06-10 07:13:01,heartopia_th,200185,1674650,928
2026-06-10 07:13:01,heartopia_jp,61534,793288,1030
2026-06-10 07:13:01,heartopia_tw,30145,217830,1004
2026-06-11 07:13:01,heartopia_en,638478,7415405,1055
2026-06-11 07:13:01,heartopia_th,200223,1676733,930
2026-06-11 07:13:01,heartopia_jp,61524,794291,1030
2026-06-11 07:13:01,heartopia_tw,30149,218019,1005
2026-06-12 07:13:01,heartopia_en,638334,7418641,1055
2026-06-12 07:13:01,heartopia_th,200193,1678215,930
2026-06-12 07:13:01,heartopia_jp,61502,795211,1030
2026-06-12 07:13:01,heartopia_tw,30154,218165,1005
2026-06-13 07:13:01,heartopia_en,638140,7421819,1055
2026-06-13 07:13:01,heartopia_th,200172,1679429,931
2026-06-13 07:13:01,heartopia_jp,61467,796091,1030
2026-06-13 07:13:01,heartopia_tw,30143,218369,1006
2026-06-14 07:13:01,heartopia_en,638052,7435572,1055
2026-06-14 07:13:01,heartopia_th,200204,1681010,938
2026-06-14 07:13:01,heartopia_jp,61436,797144,1030
2026-06-14 07:13:01,heartopia_tw,30148,218657,1009
2026-06-15 07:13:01,heartopia_en,637884,7441646,1055
2026-06-15 07:13:01,heartopia_th,200168,1681551,938
2026-06-15 07:13:01,heartopia_jp,61401,798137,1030
2026-06-15 07:13:01,heartopia_tw,30138,218820,1009
2026-06-16 07:13:01,heartopia_en,637738,7458219,1055
2026-06-16 07:13:01,heartopia_th,200117,1682044,939
2026-06-16 07:13:01,heartopia_jp,61358,799295,1030
2026-06-16 07:13:01,heartopia_tw,30135,219109,1009
2026-06-17 07:13:01,heartopia_en,637647,7494225,1055
2026-06-17 07:13:01,heartopia_th,200087,1682543,940
2026-06-17 07:13:01,heartopia_jp,61325,800589,1030
2026-06-17 07:13:01,heartopia_tw,30129,219363,1012
2026-06-18 07:13:02,heartopia_en,637593,7521230,1055
2026-06-18 07:13:02,heartopia_th,200044,1683387,940
2026-06-18 07:13:02,heartopia_jp,61343,801801,1030
2026-06-18 07:13:02,heartopia_tw,30129,219773,1012
2026-06-19 07:13:01,heartopia_en,637487,7546727,1055
2026-06-19 07:13:01,heartopia_th,200031,1684016,940
2026-06-19 07:13:01,heartopia_jp,61339,802799,1030
2026-06-19 07:13:01,heartopia_tw,30146,220030,1012
2026-06-20 07:13:02,heartopia_en,637418,7571524,1055
2026-06-20 07:13:02,heartopia_th,200006,1685367,940
2026-06-20 07:13:02,heartopia_jp,61325,803949,1030
2026-06-20 07:13:02,heartopia_tw,30142,220337,1012
2026-06-21 07:13:02,heartopia_en,637360,7594676,1055
2026-06-21 07:13:02,heartopia_th,200024,1687299,952
2026-06-21 07:13:02,heartopia_jp,61309,805083,1030
2026-06-21 07:13:02,heartopia_tw,30147,220687,1012
2026-06-22 07:13:01,heartopia_en,637270,7610624,1055
2026-06-22 07:13:01,heartopia_th,200010,1689596,952
2026-06-22 07:13:01,heartopia_jp,61313,806165,1030
2026-06-22 07:13:01,heartopia_tw,30145,220945,1012
2026-06-23 07:13:01,heartopia_en,637153,7614553,1055
2026-06-23 07:13:01,heartopia_th,200000,1691290,952
2026-06-23 07:13:01,heartopia_jp,61311,806962,1030
2026-06-23 07:13:01,heartopia_tw,30143,221135,1012
2026-06-24 07:13:02,heartopia_en,637009,7618405,1055
2026-06-24 07:13:02,heartopia_th,199976,1692339,952
2026-06-24 07:13:02,heartopia_jp,61304,807654,1030
2026-06-24 07:13:02,heartopia_tw,30149,221250,1012
2026-06-25 07:13:01,heartopia_en,636999,7639398,1056
2026-06-25 07:13:01,heartopia_th,199995,1696181,952
2026-06-25 07:13:01,heartopia_jp,61302,808776,1030
2026-06-25 07:13:01,heartopia_tw,30168,221513,1012
2026-06-26 07:13:01,heartopia_en,636995,7648566,1056
2026-06-26 07:13:01,heartopia_th,200026,1698343,952
2026-06-26 07:13:01,heartopia_jp,61274,809546,1030
2026-06-26 07:13:01,heartopia_tw,30163,221709,1012
