timestamp,hashtag,view_count,video_count
2026/5/16 21:53,heartopia,4858179584,880252
2026/5/16 21:55,heartopia,4858199153,880258
2026/5/16 22:14,heartopia,4858372022,881752
2026/5/16 22:14,heartopiagame,1369510777,356007
2026-05-16 22:18:49,heartopia,4858410113,881756
2026-05-16 22:18:49,heartopiagame,1369527771,356008
2026-05-18 22:27:09,heartopia,4878313322,885098
2026-05-18 22:27:09,heartopiagame,1378343300,357937
2026-05-18 22:31:01,heartopia,4878343911,885103
2026-05-18 22:31:01,heartopiagame,1378356872,357944
2026-05-18 22:32:05,heartopia,4878352450,885104
2026-05-18 22:32:05,heartopiagame,1378360445,357946
2026-05-18 22:35:05,heartopia,4878376778,885112
2026-05-18 22:35:05,heartopiagame,1378371443,357945
2026-05-18 22:36:58,heartopia,4878391163,885103
2026-05-18 22:36:58,heartopiagame,1378377865,357943
2026-05-18 22:41:35,heartopia,4878429182,885091
2026-05-18 22:41:35,heartopiagame,1378395175,357949
2026-05-19 07:13:43,heartopia,4881089517,885276
2026-05-19 07:13:43,heartopiagame,1379677347,358107
2026-05-20 07:13:46,heartopia,4890608883,886843
2026-05-20 07:13:46,heartopiagame,1383974477,358643
2026-05-21 07:13:42,heartopia,4899789207,888483
2026-05-21 07:13:42,heartopiagame,1387883163,359528
2026-05-21 22:33:44,heartopia,4906449834,889376
2026-05-21 22:33:44,heartopiagame,1390549275,360191
2026-05-21 22:35:22,heartopia,4906461092,889375
2026-05-22 10:07:15,heartopia,4910155734,889836
2026-05-22 10:07:15,heartopiagame,1392004460,360434
2026-05-22 10:55:10,heartopia,4910467732,889903
2026-05-22 10:55:10,heartopiagame,1392132800,360465
2026-05-22 11:02:53,heartopia,4910521492,889948
2026-05-22 11:02:53,heartopiagame,1392154295,360469
2026-05-23 07:13:43,heartopia,4919218755,891322
2026-05-23 07:13:43,heartopiagame,1395742095,361173
2026-05-24 07:13:51,heartopia,4929427186,893236
2026-05-24 07:13:51,heartopiagame,1399745171,362347
2026-05-25 07:22:02,heartopia,4939849044,895508
2026-05-25 07:22:02,heartopiagame,1403979648,363567
2026-05-26 07:13:41,heartopia,4948809839,897531
2026-05-26 07:13:41,heartopiagame,1407714827,364622
2026-05-27 07:13:46,heartopia,4957226840,899073
2026-05-27 07:13:46,heartopiagame,1411337308,365468
2026-05-28 07:13:46,heartopia,4965385599,900314
2026-05-28 07:13:46,heartopiagame,1414794228,366171
2026-05-29 07:13:47,heartopia,4975060215,902269
2026-05-29 07:13:47,heartopiagame,1418602856,367282
